variant,dist,tp,sl,atr_mult,time_stop,ma,breakeven,trades,win_rate,profit_factor,expectancy_per_trade,avg_win,avg_loss,max_drawdown,sharpe_like,sortino_like,time_in_market,trades_per_year,total_pnl
base,0.1,0.1,0.1,1.5,20,220,False,18,0.7222222222222222,2.7822669531425346,45.50157684668052,98.35164835164866,91.9086090662366,-104.3456543456536,0.4736060232728361,0.9750152214981952,0.0582386363636363,3.114400757934628,819.0283832402494
base,0.1,0.1,0.1,1.5,45,220,False,18,0.7222222222222222,2.7822669531425346,45.50157684668052,98.35164835164866,91.9086090662366,-104.3456543456536,0.4736060232728361,0.9750152214981952,0.0582386363636363,3.114400757934628,819.0283832402494
base,0.1,0.1,0.1,1.5,30,220,False,18,0.7222222222222222,2.7822669531425346,45.50157684668052,98.35164835164866,91.9086090662366,-104.3456543456536,0.4736060232728361,0.9750152214981952,0.0582386363636363,3.114400757934628,819.0283832402494
base,0.1,0.12,0.08,1.5,20,220,False,17,0.6470588235294118,2.683558935323801,48.03140288481656,118.32167832167865,80.83410208276395,-162.7572427572424,0.4382193252662418,1.07950335267803,0.0606060606060606,2.941378493604927,816.5338490418812
base,0.1,0.12,0.08,1.5,30,220,False,17,0.6470588235294118,2.683558935323801,48.03140288481656,118.32167832167865,80.83410208276395,-162.7572427572424,0.4382193252662418,1.07950335267803,0.0606060606060606,2.941378493604927,816.5338490418812
base,0.1,0.12,0.08,1.5,45,220,False,17,0.6470588235294118,2.683558935323801,48.03140288481656,118.32167832167865,80.83410208276395,-162.7572427572424,0.4382193252662418,1.07950335267803,0.0606060606060606,2.941378493604927,816.5338490418812
base,0.1,0.12,0.08,2.0,20,220,False,17,0.6470588235294118,2.6656027498158736,47.83921960392577,118.32167832167865,81.37862137862119,-162.7572427572424,0.4349924962481263,1.0674564203290042,0.0606060606060606,2.941378493604927,813.2667332667378
base,0.1,0.12,0.08,2.0,30,220,False,17,0.6470588235294118,2.6656027498158736,47.83921960392577,118.32167832167865,81.37862137862119,-162.7572427572424,0.4349924962481263,1.0674564203290042,0.0606060606060606,2.941378493604927,813.2667332667378
base,0.1,0.12,0.08,2.0,45,220,False,17,0.6470588235294118,2.6656027498158736,47.83921960392577,118.32167832167865,81.37862137862119,-162.7572427572424,0.4349924962481263,1.0674564203290042,0.0606060606060606,2.941378493604927,813.2667332667378
base,0.1,0.1,0.08,1.5,20,220,False,19,0.6842105263157895,2.64216094697744,41.82421948620802,98.35164835164866,80.65187638891337,-162.7572427572424,0.4454872149135119,0.988500739223235,0.0577651515151515,3.28742302226433,794.6601702379522
base,0.1,0.1,0.08,1.5,30,220,False,19,0.6842105263157895,2.64216094697744,41.82421948620802,98.35164835164866,80.65187638891337,-162.7572427572424,0.4454872149135119,0.988500739223235,0.0577651515151515,3.28742302226433,794.6601702379522
base,0.1,0.1,0.08,1.5,45,220,False,19,0.6842105263157895,2.64216094697744,41.82421948620802,98.35164835164866,80.65187638891337,-162.7572427572424,0.4454872149135119,0.988500739223235,0.0577651515151515,3.28742302226433,794.6601702379522
base,0.05,0.1,0.1,2.0,30,220,False,26,0.7307692307692307,2.634020981482795,44.58618304772175,98.35164835164863,101.34865134865127,-208.69130869130797,0.4637048294869696,0.9136973426756568,0.1046401515151515,4.498578872572241,1159.240759240765
base,0.05,0.1,0.1,2.0,45,220,False,26,0.7307692307692307,2.634020981482795,44.58618304772175,98.35164835164863,101.34865134865127,-208.69130869130797,0.4637048294869696,0.9136973426756568,0.1046401515151515,4.498578872572241,1159.240759240765
base,0.1,0.1,0.08,2.0,45,220,False,19,0.6842105263157895,2.6185653490465803,41.59472106840554,98.35164835164866,81.37862137862122,-162.7572427572424,0.4409346464170098,0.9738344247100964,0.0577651515151515,3.28742302226433,790.2997002997051
base,0.1,0.1,0.08,2.0,20,220,False,19,0.6842105263157895,2.6185653490465803,41.59472106840554,98.35164835164866,81.37862137862122,-162.7572427572424,0.4409346464170098,0.9738344247100964,0.0577651515151515,3.28742302226433,790.2997002997051
base,0.1,0.1,0.08,2.0,30,220,False,19,0.6842105263157895,2.6185653490465803,41.59472106840554,98.35164835164866,81.37862137862122,-162.7572427572424,0.4409346464170098,0.9738344247100964,0.0577651515151515,3.28742302226433,790.2997002997051
base,0.07,0.1,0.1,2.0,20,220,False,22,0.7272727272727273,2.6055499337812464,44.378269216812434,99.0258644288613,101.34865134865122,-107.34265734265618,0.4504919699454746,0.8911399918802644,0.0819128787878787,3.8064898152534345,976.3219227698736
base,0.07,0.1,0.1,2.0,30,220,False,22,0.7272727272727273,2.5878100870708183,43.88793025156688,98.35164835164866,101.34865134865122,-107.34265734265618,0.4467000931618963,0.8801907207793321,0.0819128787878787,3.8064898152534345,965.5344655344712
base,0.07,0.1,0.1,2.0,45,220,False,22,0.7272727272727273,2.5878100870708183,43.88793025156688,98.35164835164866,101.34865134865122,-107.34265734265618,0.4467000931618963,0.8801907207793321,0.0819128787878787,3.8064898152534345,965.5344655344712
base,0.1,0.12,0.1,1.5,20,220,False,15,0.6666666666666666,2.5686567203889887,48.172025581499966,118.32167832167865,92.12727989885732,-101.34865134865125,0.4118753019250565,0.9353248494329856,0.0596590909090909,2.595333964945524,722.5803837224996
base,0.1,0.12,0.1,1.5,30,220,False,15,0.6666666666666666,2.5686567203889887,48.172025581499966,118.32167832167865,92.12727989885732,-101.34865134865125,0.4118753019250565,0.9353248494329856,0.0596590909090909,2.595333964945524,722.5803837224996
base,0.1,0.12,0.1,1.5,45,220,False,15,0.6666666666666666,2.5686567203889887,48.172025581499966,118.32167832167865,92.12727989885732,-101.34865134865125,0.4118753019250565,0.9353248494329856,0.0596590909090909,2.595333964945524,722.5803837224996
base,0.1,0.08,0.1,1.5,20,220,False,20,0.75,2.5584638646352684,35.809061519654804,78.38161838161861,91.9086090662366,-101.34865134865125,0.4348366791783752,0.8017452511584012,0.0520833333333333,3.460445286594032,716.181230393096
base,0.1,0.08,0.1,1.5,30,220,False,20,0.75,2.5584638646352684,35.809061519654804,78.38161838161861,91.9086090662366,-101.34865134865125,0.4348366791783752,0.8017452511584012,0.0520833333333333,3.460445286594032,716.181230393096
base,0.1,0.08,0.1,1.5,45,220,False,20,0.75,2.5584638646352684,35.809061519654804,78.38161838161861,91.9086090662366,-101.34865134865125,0.4348366791783752,0.8017452511584012,0.0520833333333333,3.460445286594032,716.181230393096
base,0.05,0.12,0.1,1.5,45,220,False,23,0.6521739130434783,2.535153865076813,46.72779971030263,118.3216783216786,87.51072268602735,-202.6973026973024,0.4278338683710334,0.994487439873628,0.1160037878787878,3.979512079583136,1074.7393933369603
base,0.05,0.1,0.1,2.0,20,220,False,26,0.7307692307692307,2.5191029537354748,41.45050959022693,94.0607267782347,101.34865134865127,-208.69130869130797,0.4310140580661307,0.843481267893373,0.1013257575757575,4.498578872572241,1077.7132493459003
base,0.05,0.12,0.1,2.0,45,220,False,22,0.6818181818181818,2.5017249876786694,48.42657342657365,118.32167832167858,101.34865134865116,-202.6973026973024,0.4250105903030401,0.921198410071323,0.1193181818181818,3.8064898152534345,1065.3846153846207
base,0.05,0.1,0.1,1.5,45,220,False,29,0.6896551724137931,2.457743353986669,40.23075477100712,98.35164835164863,88.92678651930743,-208.69130869130797,0.4270452756085095,0.8899087613352316,0.106060606060606,5.0176456655613455,1166.691888359206
base,0.05,0.1,0.1,1.5,30,220,False,29,0.6896551724137931,2.457743353986669,40.23075477100712,98.35164835164863,88.92678651930743,-208.69130869130797,0.4270452756085095,0.8899087613352316,0.106060606060606,5.0176456655613455,1166.691888359206
base,0.05,0.12,0.1,1.5,30,220,False,23,0.6521739130434783,2.45122007518948,44.17298001958341,114.40428812924247,87.51072268602735,-202.6973026973024,0.4067405037889698,0.93338764086897,0.1107954545454545,3.979512079583136,1015.9785404504184
base,0.1,0.08,0.08,1.5,20,220,False,21,0.7142857142857143,2.429627861466382,32.9434770186095,78.38161838161865,80.65187638891338,-162.75724275724247,0.4101730962957635,0.8086261520693686,0.0525568181818181,3.633467550923733,691.8130173907994
base,0.1,0.08,0.08,1.5,30,220,False,21,0.7142857142857143,2.429627861466382,32.9434770186095,78.38161838161865,80.65187638891338,-162.75724275724247,0.4101730962957635,0.8086261520693686,0.0525568181818181,3.633467550923733,691.8130173907994
base,0.1,0.08,0.08,1.5,45,220,False,21,0.7142857142857143,2.429627861466382,32.9434770186095,78.38161838161865,80.65187638891338,-162.75724275724247,0.4101730962957635,0.8086261520693686,0.0525568181818181,3.633467550923733,691.8130173907994
base,0.05,0.12,0.1,2.0,30,220,False,22,0.6818181818181818,2.418897959952937,45.75562556809448,114.40428812924246,101.34865134865116,-202.6973026973024,0.4034317864412957,0.8640423308551011,0.1141098484848484,3.8064898152534345,1006.6237624980788
base,0.03,0.12,0.1,1.5,20,220,False,26,0.6153846153846154,2.4133419135463363,41.34739856171159,114.7289906561916,76.06314878945645,-202.6973026973024,0.3931163397376256,0.9236391249131196,0.131155303030303,4.498578872572241,1075.0323626045008
base,0.1,0.08,0.08,2.0,20,220,False,21,0.7142857142857143,2.407930272526406,32.73583559297869,78.38161838161865,81.37862137862123,-162.75724275724247,0.405435083826402,0.795938848582352,0.0525568181818181,3.633467550923733,687.4525474525523
base,0.1,0.08,0.08,2.0,30,220,False,21,0.7142857142857143,2.407930272526406,32.73583559297869,78.38161838161865,81.37862137862123,-162.75724275724247,0.405435083826402,0.795938848582352,0.0525568181818181,3.633467550923733,687.4525474525523
base,0.1,0.08,0.08,2.0,45,220,False,21,0.7142857142857143,2.407930272526406,32.73583559297869,78.38161838161865,81.37862137862123,-162.75724275724247,0.405435083826402,0.795938848582352,0.0525568181818181,3.633467550923733,687.4525474525523
base,0.07,0.1,0.1,1.5,20,220,False,25,0.68,2.4074158938359167,39.350922075532566,98.98620465961348,87.37405341563941,-164.37764499807935,0.4096093042323957,0.8645604533743204,0.0800189393939393,4.32555660824254,983.773051888314
base,0.07,0.1,0.1,1.5,30,220,False,25,0.68,2.391983026735076,38.91942378611648,98.35164835164863,87.37405341563941,-164.37764499807935,0.4061972457908589,0.8540271537715068,0.0800189393939393,4.32555660824254,972.9855946529118
base,0.07,0.1,0.1,1.5,45,220,False,25,0.68,2.391983026735076,38.91942378611648,98.35164835164863,87.37405341563941,-164.37764499807935,0.4061972457908589,0.8540271537715068,0.0800189393939393,4.32555660824254,972.9855946529118
base,0.05,0.12,0.1,1.5,20,220,False,23,0.6521739130434783,2.390175145970228,42.31486319443764,111.55517566401896,87.51072268602735,-202.6973026973024,0.3872476130510228,0.888949841616053,0.106060606060606,3.979512079583136,973.2418534720656
base,0.03,0.12,0.1,1.5,30,220,False,25,0.64,2.3687924676339884,41.77371646500136,112.95684340302353,84.77406475814914,-202.6973026973024,0.3870804978742871,0.8928763526880669,0.1354166666666666,4.32555660824254,1044.3429116250345
base,0.07,0.1,0.08,1.5,20,220,False,26,0.6538461538461539,2.36030785551314,37.30085618042113,98.98620465961348,79.21591316916441,-162.7572427572424,0.3988892342953079,0.8959902267778223,0.0795454545454545,4.498578872572241,969.8222606909496
base,0.05,0.1,0.1,1.5,20,220,False,29,0.6896551724137931,2.3558773969999773,37.41946132635659,94.2752728569054,88.92678651930743,-208.69130869130797,0.3976106065864708,0.821997769472965,0.1027462121212121,5.0176456655613455,1085.1643784643409
base,0.07,0.1,0.08,1.5,30,220,False,26,0.6538461538461539,2.345176976987135,36.88595397905952,98.35164835164863,79.21591316916441,-162.7572427572424,0.3955636650849429,0.8848992546694698,0.0795454545454545,4.498578872572241,959.0348034555476
base,0.07,0.1,0.08,1.5,45,220,False,26,0.6538461538461539,2.345176976987135,36.88595397905952,98.35164835164863,79.21591316916441,-162.7572427572424,0.3955636650849429,0.8848992546694698,0.0795454545454545,4.498578872572241,959.0348034555476
base,0.05,0.12,0.1,2.0,20,220,False,22,0.6818181818181818,2.3359642341749494,43.08123698571148,110.4818515417474,101.34865134865116,-202.6973026973024,0.3784377330919501,0.8068126229877679,0.1084280303030303,3.8064898152534345,947.7872136856528
base,0.1,0.1,0.1,2.0,20,220,False,17,0.7058823529411765,2.329029078363736,39.61626608685457,98.35164835164863,101.34865134865122,-104.34565434565388,0.3759998994510848,0.7408810241525088,0.0501893939393939,2.941378493604927,673.4765234765275
base,0.1,0.1,0.1,2.0,30,220,False,17,0.7058823529411765,2.329029078363736,39.61626608685457,98.35164835164863,101.34865134865122,-104.34565434565388,0.3759998994510848,0.7408810241525088,0.0501893939393939,2.941378493604927,673.4765234765275
base,0.1,0.1,0.1,2.0,45,220,False,17,0.7058823529411765,2.329029078363736,39.61626608685457,98.35164835164863,101.34865134865122,-104.34565434565388,0.3759998994510848,0.7408810241525088,0.0501893939393939,2.941378493604927,673.4765234765275
base,0.03,0.12,0.1,1.5,45,220,False,24,0.625,2.326216134207969,42.16077466674321,118.3216783216786,84.77406475814914,-202.6973026973024,0.3812067380649775,0.8902498298577474,0.1339962121212121,4.152534343912838,1011.8585920018368
base,0.03,0.1,0.1,1.5,30,220,False,33,0.6666666666666666,2.3228714597804005,37.34073419601503,98.35164835164863,84.68109411525215,-208.69130869130777,0.3987213894732022,0.8430793223190747,0.1235795454545454,5.709734722880152,1232.244228468496
base,0.03,0.1,0.1,1.5,45,220,False,33,0.6666666666666666,2.3228714597804005,37.34073419601503,98.35164835164863,84.68109411525215,-208.69130869130777,0.3987213894732022,0.8430793223190747,0.1235795454545454,5.709734722880152,1232.244228468496
base,0.03,0.1,0.1,1.5,20,220,False,33,0.6666666666666666,2.300285504920829,36.4210036783659,96.64651322993215,84.0300154247666,-208.69130869130777,0.3916106136069563,0.8217779964586738,0.1235795454545454,5.709734722880152,1201.8931213860749
base,0.07,0.1,0.08,2.0,20,220,False,26,0.6538461538461539,2.2975806049221794,36.55222641560916,98.98620465961348,81.3786213786212,-162.7572427572424,0.3854991980999008,0.8548438998374261,0.0795454545454545,4.498578872572241,950.3578868058386
base,0.07,0.1,0.08,2.0,30,220,False,26,0.6538461538461539,2.2828518427585576,36.13732421424754,98.35164835164863,81.3786213786212,-162.7572427572424,0.3821572513679093,0.8440205142843208,0.0795454545454545,4.498578872572241,939.5704295704364
base,0.07,0.1,0.08,2.0,45,220,False,26,0.6538461538461539,2.2828518427585576,36.13732421424754,98.35164835164863,81.3786213786212,-162.7572427572424,0.3821572513679093,0.8440205142843208,0.0795454545454545,4.498578872572241,939.5704295704364
base,0.03,0.12,0.1,2.0,45,220,False,24,0.6666666666666666,2.2738085349374213,43.03292569743629,115.22371422048003,101.3486513486512,-202.6973026973024,0.3755845298802836,0.8055779938529036,0.1339962121212121,4.152534343912838,1032.7902167384711
base,0.03,0.1,0.1,2.0,45,220,False,30,0.7,2.247778272337072,37.66995305467117,96.9422485588321,100.632069788371,-208.69130869130777,0.3819119534790489,0.7506765749725867,0.1259469696969697,5.190667929891047,1130.0985916401348
base,0.05,0.1,0.08,1.5,30,220,False,31,0.6451612903225806,2.246239500843029,35.204274379137125,98.35164835164866,79.60913284361112,-243.3346424483116,0.3793107060950951,0.8464705240385435,0.099905303030303,5.363690194220749,1091.3325057532509
base,0.05,0.1,0.08,1.5,45,220,False,31,0.6451612903225806,2.246239500843029,35.204274379137125,98.35164835164866,79.60913284361112,-243.3346424483116,0.3793107060950951,0.8464705240385435,0.099905303030303,5.363690194220749,1091.3325057532509
base,0.03,0.12,0.1,2.0,30,220,False,24,0.6666666666666666,2.2094833486077,40.85983540334697,111.96407877934608,101.3486513486512,-202.6973026973024,0.354468042249268,0.7596340958348187,0.1339962121212121,4.152534343912838,980.6360496803276
base,0.05,0.1,0.08,2.0,30,220,False,31,0.6451612903225806,2.197397495703424,34.576391350585155,98.35164835164866,81.37862137862122,-244.13586413586356,0.3683725935900029,0.8135761516422491,0.099905303030303,5.363690194220749,1071.8681318681397
base,0.05,0.1,0.08,2.0,45,220,False,31,0.6451612903225806,2.197397495703424,34.576391350585155,98.35164835164866,81.37862137862122,-244.13586413586356,0.3683725935900029,0.8135761516422491,0.099905303030303,5.363690194220749,1071.8681318681397
base,0.03,0.1,0.1,2.0,30,220,False,30,0.7,2.190193175825676,35.93148081939971,94.4587167941586,100.632069788371,-208.69130869130777,0.3632306974121669,0.7127303404308402,0.1278409090909091,5.190667929891047,1077.9444245819914
base,0.03,0.1,0.08,2.0,45,220,False,34,0.6470588235294118,2.1854008173287647,34.04692386893143,97.00631218577831,81.37862137862125,-257.62237762237504,0.3678465578066043,0.8074271267778427,0.1197916666666666,5.882756987209854,1157.5954115436682
base,0.1,0.12,0.08,1.5,30,180,False,20,0.6,2.18363510523543,38.481619525936274,118.32167832167862,81.27846866767723,-162.75724275724252,0.3385671512569619,0.8314321962460849,0.0601325757575757,3.460445286594032,769.6323905187257
base,0.1,0.12,0.08,1.5,45,180,False,20,0.6,2.18363510523543,38.481619525936274,118.32167832167862,81.27846866767723,-162.75724275724252,0.3385671512569619,0.8314321962460849,0.0601325757575757,3.460445286594032,769.6323905187257
base,0.1,0.12,0.08,2.0,30,180,False,20,0.6,2.180947704394805,38.44155844155868,118.32167832167862,81.37862137862122,-162.75724275724252,0.3379815835100322,0.8293950226326494,0.0601325757575757,3.460445286594032,768.8311688311737
base,0.1,0.12,0.08,2.0,45,180,False,20,0.6,2.180947704394805,38.44155844155868,118.32167832167862,81.37862137862122,-162.75724275724252,0.3379815835100322,0.8293950226326494,0.0601325757575757,3.460445286594032,768.8311688311737
base,0.1,0.12,0.08,1.5,20,180,False,20,0.6,2.169513018406733,38.02249088920488,117.5564639271263,81.27846866767723,-162.75724275724252,0.3351255103110344,0.8197101617808648,0.0596590909090909,3.460445286594032,760.449817784098
base,0.1,0.12,0.08,2.0,20,180,False,20,0.6,2.1668429976255896,37.98242980482729,117.5564639271263,81.37862137862122,-162.75724275724252,0.3345393725436774,0.8176873070156222,0.0596590909090909,3.460445286594032,759.648596096546
base,0.1,0.08,0.1,2.0,30,220,False,19,0.7368421052631579,2.1654805322819213,31.08417897891601,78.38161838161861,101.34865134865122,-101.34865134865127,0.343530226043154,0.6092116605956033,0.0449810606060606,3.28742302226433,590.5994005994044
base,0.1,0.08,0.1,2.0,45,220,False,19,0.7368421052631579,2.1654805322819213,31.08417897891601,78.38161838161861,101.34865134865122,-101.34865134865127,0.343530226043154,0.6092116605956033,0.0449810606060606,3.28742302226433,590.5994005994044
base,0.1,0.08,0.1,2.0,20,220,False,19,0.7368421052631579,2.1654805322819213,31.08417897891601,78.38161838161861,101.34865134865122,-101.34865134865127,0.343530226043154,0.6092116605956033,0.0449810606060606,3.28742302226433,590.5994005994044
base,0.07,0.12,0.08,1.5,30,220,False,22,0.5909090909090909,2.1542059286914723,37.461147522556345,118.32167832167865,79.33739696506478,-162.7572427572424,0.335181600444619,0.833140731967756,0.0828598484848484,3.8064898152534345,824.1452454962393
base,0.07,0.12,0.08,1.5,45,220,False,22,0.5909090909090909,2.1542059286914723,37.461147522556345,118.32167832167865,79.33739696506478,-162.7572427572424,0.335181600444619,0.833140731967756,0.0828598484848484,3.8064898152534345,824.1452454962393
base,0.05,0.1,0.08,1.5,20,220,False,31,0.6451612903225806,2.1531397327148687,32.57435470510922,94.27527285690542,79.60913284361112,-243.3346424483116,0.3515386524673414,0.7769720704582314,0.096590909090909,5.363690194220749,1009.804995858386
base,0.03,0.1,0.08,1.5,30,220,False,35,0.6285714285714286,2.15105277332593,33.08113866055091,98.35164835164863,77.37664697053755,-256.8211559348231,0.358569090456301,0.8057826653843546,0.1174242424242424,6.055779251539555,1157.8398531192822
base,0.03,0.1,0.08,1.5,45,220,False,35,0.6285714285714286,2.15105277332593,33.08113866055091,98.35164835164863,77.37664697053755,-256.8211559348231,0.358569090456301,0.8057826653843546,0.1174242424242424,6.055779251539555,1157.8398531192822
base,0.03,0.1,0.1,2.0,20,220,False,31,0.6774193548387096,2.1507417071832795,35.00002585429449,96.56531631937423,94.28708412237292,-208.69130869130777,0.3559298809666577,0.7060264295793777,0.1235795454545454,5.363690194220749,1085.0008014831294
base,0.07,0.12,0.08,1.5,20,220,False,22,0.5909090909090909,2.1413458412871385,37.04375785280054,117.61532657286112,79.33739696506478,-162.7572427572424,0.3320412459173981,0.8223017975296505,0.0823863636363636,3.8064898152534345,814.9626727616117
base,0.03,0.12,0.1,2.0,20,220,False,26,0.6153846153846154,2.137127571750576,37.56631104831853,114.72899065619158,85.89397632427838,-202.6973026973024,0.3351015340798419,0.7359747181138598,0.131155303030303,4.498578872572241,976.7240872562816
base,0.03,0.1,0.08,2.0,30,220,False,34,0.6470588235294118,2.1319939087998323,32.51297777898604,94.63566822859,81.37862137862125,-257.62237762237504,0.3505890381351638,0.7676716986879495,0.121685606060606,5.882756987209854,1105.441244485525
base,0.03,0.1,0.08,1.5,20,220,False,35,0.6285714285714286,2.128917340105046,32.21396417248174,96.64651322993218,76.8257342324344,-256.8211559348231,0.3516220686299388,0.7839841797244808,0.1174242424242424,6.055779251539555,1127.488746036861
base,0.07,0.1,0.08,1.5,20,200,False,27,0.6296296296296297,2.1070110013390098,32.74499765709777,98.9862046596135,79.865054247179,-273.79418290785054,0.3403302092026031,0.7617747810591479,0.0771780303030303,4.671601136901942,884.1149367416397
base,0.05,0.1,0.08,2.0,20,220,False,31,0.6451612903225806,2.106322079542944,31.94647167655725,94.27527285690542,81.37862137862122,-244.13586413586356,0.3408103307752916,0.7454429059537432,0.096590909090909,5.363690194220749,990.3406219732748
base,0.07,0.12,0.08,2.0,30,220,False,22,0.5909090909090909,2.100171863491295,36.626101171556,118.32167832167865,81.37862137862118,-162.7572427572424,0.3232641036345317,0.7932788401245162,0.0828598484848484,3.8064898152534345,805.7742257742318
base,0.07,0.12,0.08,2.0,45,220,False,22,0.5909090909090909,2.100171863491295,36.626101171556,118.32167832167865,81.37862137862118,-162.7572427572424,0.3232641036345317,0.7932788401245162,0.0828598484848484,3.8064898152534345,805.7742257742318
base,0.03,0.1,0.08,2.0,20,220,False,35,0.6285714285714286,2.097434596626908,31.78564632533322,96.64651322993218,77.97889766706501,-257.62237762237504,0.3442379359942471,0.761526363287607,0.1174242424242424,6.055779251539555,1112.4976213866628
base,0.07,0.1,0.08,1.5,30,200,False,27,0.6296296296296297,2.093503895713043,32.34546220393472,98.35164835164866,79.865054247179,-273.79418290785054,0.3370204176025918,0.7513166532805885,0.0771780303030303,4.671601136901942,873.3274795062375
base,0.07,0.1,0.08,1.5,45,200,False,27,0.6296296296296297,2.093503895713043,32.34546220393472,98.35164835164866,79.865054247179,-273.79418290785054,0.3370204176025918,0.7513166532805885,0.0771780303030303,4.671601136901942,873.3274795062375
base,0.07,0.12,0.08,2.0,20,220,False,22,0.5909090909090909,2.0876343463631035,36.2087115018002,117.61532657286112,81.37862137862118,-162.7572427572424,0.3201122041205579,0.7826827041798934,0.0823863636363636,3.8064898152534345,796.5916530396041
base,0.07,0.1,0.08,2.0,20,200,False,27,0.6296296296296297,2.0678225444299603,32.184417238045086,98.9862046596135,81.37862137862125,-274.59540459540244,0.3310566566721238,0.7341039815786393,0.0771780303030303,4.671601136901942,868.9792654272171
base,0.07,0.1,0.08,2.0,30,200,False,27,0.6296296296296297,2.0545666584827007,31.784881784882035,98.35164835164866,81.37862137862125,-274.59540459540244,0.3277361567191673,0.7238277922335569,0.0771780303030303,4.671601136901942,858.1918081918149
base,0.07,0.1,0.08,2.0,45,200,False,27,0.6296296296296297,2.0545666584827007,31.784881784882035,98.35164835164866,81.37862137862125,-274.59540459540244,0.3277361567191673,0.7238277922335569,0.0771780303030303,4.671601136901942,858.1918081918149
base,0.07,0.12,0.1,1.5,30,220,False,20,0.6,2.0281230920614512,35.98871791859624,118.32167832167865,87.51072268602734,-164.37764499807935,0.3023042917906671,0.7018904021699524,0.084280303030303,3.460445286594032,719.7743583719248
base,0.07,0.12,0.1,1.5,45,220,False,20,0.6,2.0281230920614512,35.98871791859624,118.32167832167865,87.51072268602734,-164.37764499807935,0.3023042917906671,0.7018904021699524,0.084280303030303,3.460445286594032,719.7743583719248
base,0.07,0.12,0.1,1.5,30,200,False,20,0.6,2.027579786130166,35.97933824436361,118.3216783216786,87.53417187160886,-202.6973026973024,0.3022771969084382,0.7027610307017788,0.080965909090909,3.460445286594032,719.5867648872722
base,0.07,0.12,0.1,1.5,45,200,False,20,0.6,2.027579786130166,35.97933824436361,118.3216783216786,87.53417187160886,-202.6973026973024,0.3022771969084382,0.7027610307017788,0.080965909090909,3.460445286594032,719.5867648872722
base,0.07,0.12,0.1,1.5,20,220,False,20,0.6,2.015006738355327,35.52958928186486,117.55646392712632,87.51072268602734,-164.37764499807935,0.2988355850087712,0.6911744142236949,0.0838068181818181,3.460445286594032,710.5917856372971
base,0.07,0.12,0.1,1.5,20,200,False,20,0.6,2.0144669461125324,35.52020960763222,117.55646392712627,87.53417187160886,-202.6973026973024,0.2988080068606102,0.6920284030743521,0.0804924242424242,3.460445286594032,710.4041921526446
base,0.07,0.12,0.1,2.0,30,220,False,19,0.631578947368421,2.001379990142936,37.39050423260973,118.3216783216786,101.34865134865116,-202.69730269730223,0.2985141801916982,0.6470210259472909,0.0875946969696969,3.28742302226433,710.4195804195851
base,0.07,0.12,0.1,2.0,45,220,False,19,0.631578947368421,2.001379990142936,37.39050423260973,118.3216783216786,101.34865134865116,-202.69730269730223,0.2985141801916982,0.6470210259472909,0.0875946969696969,3.28742302226433,710.4195804195851
base,0.1,0.12,0.1,1.5,45,200,False,15,0.6,1.993824213886231,35.38655457931505,118.32167832167862,89.01613103423028,-202.6973026973024,0.2756967341573572,0.6321209546630948,0.0596590909090909,2.595333964945524,530.798318689726
base,0.1,0.12,0.1,1.5,20,200,False,15,0.6,1.993824213886231,35.38655457931505,118.32167832167862,89.01613103423028,-202.6973026973024,0.2756967341573572,0.6321209546630948,0.0596590909090909,2.595333964945524,530.798318689726
base,0.1,0.12,0.1,1.5,30,200,False,15,0.6,1.993824213886231,35.38655457931505,118.32167832167862,89.01613103423028,-202.6973026973024,0.2756967341573572,0.6321209546630948,0.0596590909090909,2.595333964945524,530.798318689726
base,0.07,0.1,0.1,1.5,20,200,False,25,0.64,1.9792093474801076,31.35540634813448,99.0258644288613,88.9476302398243,-258.69928562145225,0.3061888156585239,0.6407400203693799,0.0785984848484848,4.32555660824254,783.885158703362
base,0.07,0.12,0.1,2.0,20,220,False,19,0.631578947368421,1.9657428472811893,36.05984978162547,116.21480877428684,101.34865134865116,-202.69730269730223,0.2885856124805685,0.6193933875193792,0.0861742424242424,3.28742302226433,685.1371458508843
base,0.07,0.1,0.1,1.5,30,200,False,25,0.64,1.965733931032728,30.9239080587184,98.35164835164866,88.9476302398243,-258.69928562145225,0.3026029268949111,0.63065742708346,0.0785984848484848,4.32555660824254,773.0977014679597
base,0.07,0.1,0.1,1.5,45,200,False,25,0.64,1.965733931032728,30.9239080587184,98.35164835164866,88.9476302398243,-258.69928562145225,0.3026029268949111,0.63065742708346,0.0785984848484848,4.32555660824254,773.0977014679597
base,0.1,0.12,0.1,2.0,30,180,False,16,0.625,1.945786101527854,35.94530469530493,118.3216783216786,101.34865134865116,-405.3946053946047,0.2733878698561553,0.592560460351603,0.0648674242424242,2.7683562292752253,575.1248751248788
base,0.1,0.12,0.1,2.0,45,180,False,16,0.625,1.945786101527854,35.94530469530493,118.3216783216786,101.34865134865116,-405.3946053946047,0.2733878698561553,0.592560460351603,0.0648674242424242,2.7683562292752253,575.1248751248788
base,0.1,0.1,0.1,2.0,20,200,False,18,0.6666666666666666,1.940857565303112,31.784881784882,98.35164835164863,101.34865134865127,-208.69130869130777,0.2833075238490092,0.55823729933383,0.0582386363636363,3.114400757934628,572.1278721278762
base,0.1,0.1,0.1,2.0,30,200,False,18,0.6666666666666666,1.940857565303112,31.784881784882,98.35164835164863,101.34865134865127,-208.69130869130777,0.2833075238490092,0.55823729933383,0.0582386363636363,3.114400757934628,572.1278721278762
base,0.1,0.1,0.1,2.0,45,200,False,18,0.6666666666666666,1.940857565303112,31.784881784882,98.35164835164863,101.34865134865127,-208.69130869130777,0.2833075238490092,0.55823729933383,0.0582386363636363,3.114400757934628,572.1278721278762
base,0.1,0.12,0.1,2.0,20,180,False,16,0.625,1.930685468527423,35.371393899390696,117.40342104821582,101.34865134865116,-405.3946053946047,0.2690837577698425,0.5806489204041555,0.0643939393939393,2.7683562292752253,565.9423023902511
base,0.03,0.08,0.1,2.0,45,220,False,31,0.7096774193548387,1.9062198821143552,26.444527067319445,78.38161838161861,100.51280725652296,-248.63136863136785,0.2963628644575896,0.5273698525352365,0.1178977272727272,5.363690194220749,819.7803390869025
base,0.07,0.08,0.1,2.0,45,220,False,24,0.7083333333333334,1.8810689128205156,26.00501315973296,78.38161838161862,101.19531380770368,-224.59097287770211,0.2808484007803477,0.498380094437654,0.0729166666666666,4.152534343912838,624.1203158335908
base,0.07,0.08,0.1,2.0,30,220,False,24,0.7083333333333334,1.8810689128205156,26.00501315973296,78.38161838161862,101.19531380770368,-224.59097287770211,0.2808484007803477,0.498380094437654,0.0729166666666666,4.152534343912838,624.1203158335908
base,0.07,0.08,0.1,2.0,20,220,False,24,0.7083333333333334,1.8810689128205156,26.00501315973296,78.38161838161862,101.19531380770368,-224.59097287770211,0.2808484007803477,0.498380094437654,0.0729166666666666,4.152534343912838,624.1203158335908
base,0.1,0.1,0.1,1.5,45,200,False,19,0.631578947368421,1.860512184197328,28.729878780466,98.35164835164863,90.62172619870422,-208.69130869130777,0.2612193679245369,0.5375626711265393,0.0549242424242424,3.28742302226433,545.8676968288543
base,0.1,0.1,0.1,1.5,20,200,False,19,0.631578947368421,1.860512184197328,28.729878780466,98.35164835164863,90.62172619870422,-208.69130869130777,0.2612193679245369,0.5375626711265393,0.0549242424242424,3.28742302226433,545.8676968288543
base,0.1,0.1,0.1,1.5,30,200,False,19,0.631578947368421,1.860512184197328,28.729878780466,98.35164835164863,90.62172619870422,-208.69130869130777,0.2612193679245369,0.5375626711265393,0.0549242424242424,3.28742302226433,545.8676968288543
base,0.07,0.12,0.1,2.0,45,200,False,18,0.6111111111111112,1.851936625937036,33.2633258347812,118.3216783216786,100.39979950177192,-202.6973026973024,0.2546670976342475,0.5545942567765616,0.0814393939393939,3.114400757934628,598.7398650260612
base,0.07,0.12,0.1,2.0,30,200,False,18,0.6111111111111112,1.851936625937036,33.2633258347812,118.3216783216786,100.39979950177192,-202.6973026973024,0.2546670976342475,0.5545942567765616,0.0814393939393939,3.114400757934628,598.7398650260612
base,0.07,0.1,0.1,2.0,20,200,False,23,0.6521739130434783,1.8479975980305812,29.64847541952509,99.07081216734214,100.51840598263186,-313.0369630369613,0.269756254585238,0.5357581295545764,0.0785984848484848,3.979512079583136,681.9149346490772
base,0.05,0.08,0.1,2.0,30,220,False,27,0.7037037037037037,1.8392263816059249,25.167959305488008,78.38161838161861,101.21448100032217,-248.631368631368,0.2735204511265833,0.4853362782959255,0.1003787878787878,4.671601136901942,679.534901248176
base,0.05,0.08,0.1,2.0,45,220,False,27,0.7037037037037037,1.8392263816059249,25.167959305488008,78.38161838161861,101.21448100032217,-248.631368631368,0.2735204511265833,0.4853362782959255,0.1003787878787878,4.671601136901942,679.534901248176
base,0.07,0.12,0.1,2.0,20,200,False,18,0.6111111111111112,1.8388709015884164,32.753182905079655,117.486898982167,100.39979950177192,-202.6973026973024,0.2508037103279609,0.5439939043294731,0.080965909090909,3.114400757934628,589.5572922914336
base,0.03,0.08,0.1,2.0,30,220,False,31,0.7096774193548387,1.837923961067548,24.45157439837556,75.57336689356131,100.51280725652296,-248.63136863136785,0.2736700759322654,0.483423569787331,0.121685606060606,5.363690194220749,757.9988063496421
base,0.07,0.1,0.1,2.0,30,200,False,23,0.6521739130434783,1.834582819500784,29.179455539725005,98.35164835164866,100.51840598263186,-313.0369630369613,0.2658660960139719,0.525854374389034,0.0785984848484848,3.979512079583136,671.1274774136749
base,0.07,0.1,0.1,2.0,45,200,False,23,0.6521739130434783,1.834582819500784,29.179455539725005,98.35164835164866,100.51840598263186,-313.0369630369613,0.2658660960139719,0.525854374389034,0.0785984848484848,3.979512079583136,671.1274774136749
base,0.03,0.08,0.1,2.0,20,220,False,32,0.6875,1.8309622226396547,24.45619143620351,78.38161838161861,94.17974784370968,-248.63136863136785,0.2745638285003692,0.4928649291101351,0.1169507575757575,5.536712458550451,782.5981259585122
base,0.1,0.1,0.08,1.5,30,200,False,22,0.5909090909090909,1.7933706294607497,25.710373184043306,98.35164835164868,79.21591316916447,-227.16283716283613,0.2469790327063585,0.5523737406635479,0.053030303030303,3.8064898152534345,565.6282100489526
base,0.1,0.1,0.08,1.5,45,200,False,22,0.5909090909090909,1.7933706294607497,25.710373184043306,98.35164835164868,79.21591316916447,-227.16283716283613,0.2469790327063585,0.5523737406635479,0.053030303030303,3.8064898152534345,565.6282100489526
base,0.1,0.1,0.08,1.5,20,200,False,22,0.5909090909090909,1.7933706294607497,25.710373184043306,98.35164835164868,79.21591316916447,-227.16283716283613,0.2469790327063585,0.5523737406635479,0.053030303030303,3.8064898152534345,565.6282100489526
base,0.1,0.12,0.06,1.5,30,180,False,23,0.4782608695652174,1.7662274280136745,24.54936367979869,118.3216783216786,61.40859140859124,-250.12987012986872,0.2214759955987343,0.6482145171330475,0.0563446969696969,3.979512079583136,564.6353646353699
base,0.1,0.12,0.06,1.5,45,180,False,23,0.4782608695652174,1.7662274280136745,24.54936367979869,118.3216783216786,61.40859140859124,-250.12987012986872,0.2214759955987343,0.6482145171330475,0.0563446969696969,3.979512079583136,564.6353646353699
base,0.1,0.12,0.06,2.0,30,180,False,23,0.4782608695652174,1.7662274280136745,24.54936367979869,118.3216783216786,61.40859140859124,-250.12987012986872,0.2214759955987343,0.6482145171330475,0.0563446969696969,3.979512079583136,564.6353646353699
base,0.1,0.12,0.06,2.0,45,180,False,23,0.4782608695652174,1.7662274280136745,24.54936367979869,118.3216783216786,61.40859140859124,-250.12987012986872,0.2214759955987343,0.6482145171330475,0.0563446969696969,3.979512079583136,564.6353646353699
base,0.05,0.08,0.1,2.0,20,220,False,27,0.7037037037037037,1.7632028233704202,22.888052641605245,75.14175101715362,101.21448100032217,-248.631368631368,0.2477127624346181,0.4356383409154066,0.0975378787878787,4.671601136901942,617.9774213233411
base,0.1,0.12,0.1,1.5,30,180,False,17,0.5882352941176471,1.763045645198551,30.123287145614757,118.3216783216786,95.87441453447649,-405.3946053946047,0.2239316079357502,0.4973995281489402,0.0643939393939393,2.941378493604927,512.0958814754507
base,0.1,0.12,0.1,1.5,45,180,False,17,0.5882352941176471,1.763045645198551,30.123287145614757,118.3216783216786,95.87441453447649,-405.3946053946047,0.2239316079357502,0.4973995281489402,0.0643939393939393,2.941378493604927,512.0958814754507
base,0.1,0.12,0.06,1.5,20,180,False,23,0.4782608695652174,1.7537663964706962,24.150121386988797,117.486898982167,61.40859140859124,-250.12987012986872,0.2179858208873264,0.6348779847036292,0.0558712121212121,3.979512079583136,555.4527919007421
base,0.1,0.12,0.06,2.0,20,180,False,23,0.4782608695652174,1.7537663964706962,24.150121386988797,117.486898982167,61.40859140859124,-250.12987012986872,0.2179858208873264,0.6348779847036292,0.0558712121212121,3.979512079583136,555.4527919007421
base,0.1,0.12,0.1,2.0,20,220,False,15,0.6,1.751207491375069,30.4535464535467,118.32167832167862,101.34865134865116,-202.69730269730223,0.214314027802894,0.4645195817996893,0.0511363636363636,2.595333964945524,456.8031968032005
base,0.1,0.12,0.1,2.0,30,220,False,15,0.6,1.751207491375069,30.4535464535467,118.32167832167862,101.34865134865116,-202.69730269730223,0.214314027802894,0.4645195817996893,0.0511363636363636,2.595333964945524,456.8031968032005
base,0.1,0.12,0.1,2.0,45,220,False,15,0.6,1.751207491375069,30.4535464535467,118.32167832167862,101.34865134865116,-202.69730269730223,0.214314027802894,0.4645195817996893,0.0511363636363636,2.595333964945524,456.8031968032005
base,0.1,0.12,0.1,1.5,20,180,False,17,0.5882352941176471,1.749363203315424,29.5831358082837,117.40342104821582,95.87441453447649,-405.3946053946047,0.2197074761343559,0.4858004764365214,0.0639204545454545,2.941378493604927,502.91330874082297
base,0.1,0.1,0.08,2.0,20,200,False,22,0.5909090909090909,1.7457102326977194,24.825628916538257,98.35164835164868,81.37862137862126,-227.16283716283613,0.2339742996341434,0.5167482966754096,0.053030303030303,3.8064898152534345,546.1638361638414
base,0.1,0.1,0.08,2.0,45,200,False,22,0.5909090909090909,1.7457102326977194,24.825628916538257,98.35164835164868,81.37862137862126,-227.16283716283613,0.2339742996341434,0.5167482966754096,0.053030303030303,3.8064898152534345,546.1638361638414
base,0.1,0.1,0.08,2.0,30,200,False,22,0.5909090909090909,1.7457102326977194,24.825628916538257,98.35164835164868,81.37862137862126,-227.16283716283613,0.2339742996341434,0.5167482966754096,0.053030303030303,3.8064898152534345,546.1638361638414
base,0.03,0.08,0.1,1.5,20,220,False,34,0.6470588235294118,1.7265812626634696,21.342985066480303,78.38161838161861,83.22784267793992,-248.63136863136785,0.2461809434711833,0.4664124515716792,0.1160037878787878,5.882756987209854,725.6614922603302
base,0.03,0.08,0.1,1.5,45,220,False,34,0.6470588235294118,1.7142881993483867,21.132341960734987,78.38161838161861,83.824664810885,-248.63136863136785,0.2429413985441799,0.460646523522724,0.1160037878787878,5.882756987209854,718.4996266649893
base,0.03,0.08,0.1,1.5,30,220,False,34,0.6470588235294118,1.7142881993483867,21.132341960734987,78.38161838161861,83.824664810885,-248.63136863136785,0.2429413985441799,0.460646523522724,0.1160037878787878,5.882756987209854,718.4996266649893
base,0.03,0.08,0.08,2.0,45,220,False,36,0.6388888888888888,1.7040737313263792,20.690420690420904,78.38161838161865,81.37862137862125,-256.12387612387374,0.2431289190884165,0.4773039128482649,0.1107954545454545,6.2288015158692565,744.8551448551524
base,0.05,0.12,0.06,1.5,45,220,False,32,0.46875,1.7001119627939107,22.839972527472742,118.3216783216786,61.40859140859125,-325.0249750249718,0.217328607199643,0.6360759674847554,0.1051136363636363,5.536712458550451,730.879120879128
base,0.05,0.12,0.06,2.0,45,220,False,32,0.46875,1.7001119627939107,22.839972527472742,118.3216783216786,61.40859140859125,-325.0249750249718,0.217328607199643,0.6360759674847554,0.1051136363636363,5.536712458550451,730.879120879128
base,0.03,0.08,0.08,1.5,20,220,False,37,0.6216216216216216,1.679351574709919,19.710302920266493,78.38161838161865,76.67828676624062,-244.3450328251748,0.2348163517880374,0.4686059016137142,0.1098484848484848,6.401823780198958,729.2812080498602
base,0.07,0.12,0.06,1.5,30,220,False,28,0.4642857142857143,1.6698877501220193,22.0376052518912,118.3216783216786,61.40859140859123,-250.1298701298689,0.2029616155293511,0.5940267488187032,0.0776515151515151,4.844623401231644,617.0529470529534
base,0.07,0.12,0.06,1.5,45,220,False,28,0.4642857142857143,1.6698877501220193,22.0376052518912,118.3216783216786,61.40859140859123,-250.1298701298689,0.2029616155293511,0.5940267488187032,0.0776515151515151,4.844623401231644,617.0529470529534
base,0.07,0.12,0.06,2.0,30,220,False,28,0.4642857142857143,1.6698877501220193,22.0376052518912,118.3216783216786,61.40859140859123,-250.1298701298689,0.2029616155293511,0.5940267488187032,0.0776515151515151,4.844623401231644,617.0529470529534
base,0.07,0.12,0.06,2.0,45,220,False,28,0.4642857142857143,1.6698877501220193,22.0376052518912,118.3216783216786,61.40859140859123,-250.1298701298689,0.2029616155293511,0.5940267488187032,0.0776515151515151,4.844623401231644,617.0529470529534
base,0.03,0.08,0.08,1.5,45,220,False,37,0.6216216216216216,1.6682219744132878,19.51673898525728,78.38161838161865,77.18984859447926,-244.3450328251748,0.2317632408506738,0.4627605523504517,0.1098484848484848,6.401823780198958,722.1193424545193
base,0.03,0.08,0.08,1.5,30,220,False,37,0.6216216216216216,1.6682219744132878,19.51673898525728,78.38161838161865,77.18984859447926,-244.3450328251748,0.2317632408506738,0.4627605523504517,0.1098484848484848,6.401823780198958,722.1193424545193
base,0.03,0.12,0.06,2.0,45,220,False,34,0.4705882352941176,1.667862378174732,21.712493593324663,115.22371422048003,61.40859140859123,-325.0249750249716,0.2096290089444306,0.6049657841324327,0.1235795454545454,5.882756987209854,738.2247821730386
base,0.07,0.12,0.06,1.5,20,220,False,28,0.4642857142857143,1.659918924887637,21.7096562256545,117.6153265728611,61.40859140859123,-250.1298701298689,0.2000403509378774,0.5830896085803974,0.0771780303030303,4.844623401231644,607.8703743183257
base,0.07,0.12,0.06,2.0,20,220,False,28,0.4642857142857143,1.659918924887637,21.7096562256545,117.6153265728611,61.40859140859123,-250.1298701298689,0.2000403509378774,0.5830896085803974,0.0771780303030303,4.844623401231644,607.8703743183257
base,0.07,0.08,0.1,1.5,20,220,False,28,0.6428571428571429,1.6487316483805063,19.826397587350403,78.38161838161862,85.57299984233241,-241.8488418783632,0.2180065272644659,0.4134468484946152,0.0696022727272727,4.844623401231644,555.1391324458112
base,0.07,0.08,0.1,1.5,30,220,False,28,0.6428571428571429,1.6487316483805063,19.826397587350403,78.38161838161862,85.57299984233241,-241.8488418783632,0.2180065272644659,0.4134468484946152,0.0696022727272727,4.844623401231644,555.1391324458112
base,0.07,0.08,0.1,1.5,45,220,False,28,0.6428571428571429,1.6487316483805063,19.826397587350403,78.38161838161862,85.57299984233241,-241.8488418783632,0.2180065272644659,0.4134468484946152,0.0696022727272727,4.844623401231644,555.1391324458112
base,0.03,0.08,0.08,2.0,20,220,False,37,0.6216216216216216,1.6462151025341478,19.12629545207466,78.38161838161865,78.22173507503331,-256.12387612387374,0.2247962356247905,0.4443603091349836,0.1098484848484848,6.401823780198958,707.6729317267623
base,0.03,0.08,0.08,2.0,30,220,False,36,0.6388888888888888,1.645674786804294,18.97426700327478,75.69546478434646,81.37862137862125,-256.12387612387374,0.2225330725575219,0.4330582434466783,0.1145833333333333,6.2288015158692565,683.073612117892
base,0.05,0.12,0.06,1.5,30,220,False,32,0.46875,1.6438247124475645,21.00369587476831,114.40428812924247,61.40859140859125,-325.0249750249718,0.1998293406667934,0.5750590509422203,0.099905303030303,5.536712458550451,672.1182679925861
base,0.05,0.12,0.06,2.0,30,220,False,32,0.46875,1.6438247124475645,21.00369587476831,114.40428812924247,61.40859140859125,-325.0249750249718,0.1998293406667934,0.5750590509422203,0.099905303030303,5.536712458550451,672.1182679925861
base,0.05,0.08,0.1,1.5,30,220,False,31,0.6451612903225806,1.6379347381804632,19.695281221303112,78.38161838161861,87.00714997927051,-248.631368631368,0.2179507964952165,0.410010068530411,0.0980113636363636,5.363690194220749,610.5537178603964
base,0.05,0.08,0.1,1.5,45,220,False,31,0.6451612903225806,1.6379347381804632,19.695281221303112,78.38161838161861,87.00714997927051,-248.631368631368,0.2179507964952165,0.410010068530411,0.0980113636363636,5.363690194220749,610.5537178603964
base,0.07,0.08,0.08,1.5,30,220,False,29,0.6206896551724138,1.6233991785061668,18.682269698700463,78.38161838161865,79.00757360062022,-236.15524552171905,0.2113001892533121,0.4201600269160768,0.0691287878787878,5.0176456655613455,541.7858212623134
base,0.07,0.08,0.08,1.5,45,220,False,29,0.6206896551724138,1.6233991785061668,18.682269698700463,78.38161838161865,79.00757360062022,-236.15524552171905,0.2113001892533121,0.4201600269160768,0.0691287878787878,5.0176456655613455,541.7858212623134
base,0.07,0.08,0.08,1.5,20,220,False,29,0.6206896551724138,1.6233991785061668,18.682269698700463,78.38161838161865,79.00757360062022,-236.15524552171905,0.2113001892533121,0.4201600269160768,0.0691287878787878,5.0176456655613455,541.7858212623134
base,0.03,0.12,0.06,2.0,30,220,False,34,0.4705882352941176,1.6206791802053504,20.17854750337928,111.9640787793461,61.40859140859123,-325.0249750249716,0.1929614482310389,0.5540683352019801,0.1235795454545454,5.882756987209854,686.0706151148953
base,0.07,0.12,0.08,2.0,45,180,False,26,0.5384615384615384,1.619817581894639,23.279953994222936,112.98730431380363,81.37862137862122,-162.75724275724252,0.1948277496031721,0.4694114882691422,0.1003787878787878,4.498578872572241,605.2788038497965
base,0.07,0.12,0.08,2.0,20,180,False,26,0.5384615384615384,1.618670322369295,23.2368636564371,112.90727940077282,81.37862137862122,-162.75724275724252,0.1944009566839303,0.46833150696941,0.0885416666666666,4.498578872572241,604.1584550673649
base,0.07,0.08,0.08,1.5,20,200,False,29,0.6206896551724138,1.6153534771655875,18.53300409281463,78.38161838161864,79.4010920161374,-255.32265443632187,0.2088591041090982,0.4146052132256131,0.065340909090909,5.0176456655613455,537.457118691624
base,0.07,0.08,0.08,1.5,30,200,False,29,0.6206896551724138,1.6153534771655875,18.53300409281463,78.38161838161864,79.4010920161374,-255.32265443632187,0.2088591041090982,0.4146052132256131,0.065340909090909,5.0176456655613455,537.457118691624
base,0.07,0.08,0.08,1.5,45,200,False,29,0.6206896551724138,1.6153534771655875,18.53300409281463,78.38161838161864,79.4010920161374,-255.32265443632187,0.2088591041090982,0.4146052132256131,0.065340909090909,5.0176456655613455,537.457118691624
base,0.07,0.12,0.08,2.0,30,180,False,26,0.5384615384615384,1.6122771547090269,22.99674034700554,112.46133611182849,81.37862137862122,-162.75724275724252,0.1920032595972504,0.4623132509718629,0.0932765151515151,4.498578872572241,597.9152490221444
base,0.05,0.12,0.06,1.5,20,220,False,32,0.46875,1.6028870731731877,19.66817440669479,111.55517566401896,61.40859140859125,-325.0249750249718,0.1851031877281713,0.5306815319892949,0.0951704545454545,5.536712458550451,629.3815810142333
base,0.05,0.12,0.06,2.0,20,220,False,32,0.46875,1.6028870731731877,19.66817440669479,111.55517566401896,61.40859140859125,-325.0249750249718,0.1851031877281713,0.5306815319892949,0.0951704545454545,5.536712458550451,629.3815810142333
base,0.03,0.12,0.08,2.0,45,180,False,27,0.5185185185185185,1.596773992430764,22.929523544671163,118.32167832167865,79.80048929210609,-268.0557114467304,0.1905107696666621,0.4711387143354813,0.1264204545454545,4.671601136901942,619.0971357061217
base,0.05,0.08,0.08,1.5,30,220,False,34,0.6176470588235294,1.5952212599541518,18.06392451911549,78.38161838161864,79.37235018185115,-244.3450328251748,0.2073056299152839,0.4113649627752422,0.0918560606060606,5.882756987209854,614.1734336499267
base,0.05,0.08,0.08,1.5,45,220,False,34,0.6176470588235294,1.5952212599541518,18.06392451911549,78.38161838161864,79.37235018185115,-244.3450328251748,0.2073056299152839,0.4113649627752422,0.0918560606060606,5.882756987209854,614.1734336499267
base,0.07,0.08,0.08,2.0,45,220,False,29,0.6206896551724138,1.576099814744557,17.782906748424217,78.38161838161865,81.37862137862123,-247.13286713286607,0.1965691491096167,0.385899071023938,0.0691287878787878,5.0176456655613455,515.7042957043024
base,0.07,0.08,0.08,2.0,30,220,False,29,0.6206896551724138,1.576099814744557,17.782906748424217,78.38161838161865,81.37862137862123,-247.13286713286607,0.1965691491096167,0.385899071023938,0.0691287878787878,5.0176456655613455,515.7042957043024
base,0.07,0.08,0.08,2.0,20,220,False,29,0.6206896551724138,1.576099814744557,17.782906748424217,78.38161838161865,81.37862137862123,-247.13286713286607,0.1965691491096167,0.385899071023938,0.0691287878787878,5.0176456655613455,515.7042957043024
base,0.07,0.08,0.08,2.0,20,200,False,29,0.6206896551724138,1.5760998147445555,17.782906748424193,78.38161838161864,81.37862137862128,-256.1238761238738,0.1965691491096161,0.3858990710239368,0.065340909090909,5.0176456655613455,515.7042957043014
base,0.07,0.08,0.08,2.0,30,200,False,29,0.6206896551724138,1.5760998147445555,17.782906748424193,78.38161838161864,81.37862137862128,-256.1238761238738,0.1965691491096161,0.3858990710239368,0.065340909090909,5.0176456655613455,515.7042957043014
base,0.07,0.08,0.08,2.0,45,200,False,29,0.6206896551724138,1.5760998147445555,17.782906748424193,78.38161838161864,81.37862137862128,-256.1238761238738,0.1965691491096161,0.3858990710239368,0.065340909090909,5.0176456655613455,515.7042957043014
base,0.03,0.12,0.06,1.5,20,220,False,36,0.4444444444444444,1.574534925425601,18.60607599852728,114.7289906561916,58.29225572760416,-325.0249750249716,0.1799068667784225,0.5220889884067009,0.1207386363636363,6.2288015158692565,669.8187359469822
base,0.03,0.12,0.06,2.0,20,220,False,36,0.4444444444444444,1.574534925425601,18.60607599852728,114.7289906561916,58.29225572760416,-325.0249750249716,0.1799068667784225,0.5220889884067009,0.1207386363636363,6.2288015158692565,669.8187359469822
base,0.05,0.08,0.1,1.5,20,220,False,31,0.6451612903225806,1.573616638576527,17.709556062437464,75.30374438537686,87.00714997927051,-248.631368631368,0.194676527348508,0.3625833308505123,0.0951704545454545,5.363690194220749,548.9962379355616
base,0.03,0.12,0.06,1.5,30,220,False,35,0.4571428571428571,1.5719853006683644,18.788879153428653,112.95684340302353,60.51045916201965,-325.0249750249716,0.1792662736154167,0.5177775232454362,0.125,6.055779251539555,657.6107703700034
base,0.07,0.12,0.08,1.5,45,180,False,25,0.52,1.5684099372772395,21.215582847036277,112.57696785165945,77.75925090797215,-162.75724275724252,0.1748028783902389,0.429322655466461,0.1003787878787878,4.32555660824254,530.3895711759069
base,0.07,0.12,0.08,1.5,20,180,False,25,0.52,1.5672092775815014,21.17076889573901,112.49078717608776,77.75925090797215,-162.75724275724252,0.1743504477235029,0.4281553936567856,0.0885416666666666,4.32555660824254,529.2692223934753
base,0.1,0.08,0.08,1.5,20,180,False,21,0.6190476190476191,1.5670832873452356,17.558728077124986,78.38161838161862,81.27846866767717,-171.74825174824997,0.1809060777298558,0.3553621404095349,0.046875,3.633467550923733,368.7332896196248
base,0.1,0.08,0.08,1.5,30,180,False,21,0.6190476190476191,1.5670832873452356,17.558728077124986,78.38161838161862,81.27846866767717,-171.74825174824997,0.1809060777298558,0.3553621404095349,0.046875,3.633467550923733,368.7332896196248
base,0.1,0.08,0.08,1.5,45,180,False,21,0.6190476190476191,1.5670832873452356,17.558728077124986,78.38161838161862,81.27846866767717,-171.74825174824997,0.1809060777298558,0.3553621404095349,0.046875,3.633467550923733,368.7332896196248
base,0.07,0.12,0.06,2.0,45,200,False,29,0.4482758620689655,1.565519765739393,19.16015019463317,118.3216783216786,61.40859140859124,-320.52947052946774,0.1724380187015608,0.5046904822612317,0.0762310606060606,5.0176456655613455,555.6443556443622
base,0.07,0.12,0.06,2.0,30,200,False,29,0.4482758620689655,1.565519765739393,19.16015019463317,118.3216783216786,61.40859140859124,-320.52947052946774,0.1724380187015608,0.5046904822612317,0.0762310606060606,5.0176456655613455,555.6443556443622
base,0.07,0.12,0.06,1.5,45,200,False,29,0.4482758620689655,1.565519765739393,19.16015019463317,118.3216783216786,61.40859140859124,-320.52947052946774,0.1724380187015608,0.5046904822612317,0.0762310606060606,5.0176456655613455,555.6443556443622
base,0.07,0.12,0.06,1.5,30,200,False,29,0.4482758620689655,1.565519765739393,19.16015019463317,118.3216783216786,61.40859140859124,-320.52947052946774,0.1724380187015608,0.5046904822612317,0.0762310606060606,5.0176456655613455,555.6443556443622
base,0.1,0.08,0.08,2.0,20,180,False,21,0.6190476190476191,1.5651546771421647,17.520574663432033,78.38161838161862,81.37862137862118,-171.74825174824997,0.1802941876255371,0.3539485205631718,0.046875,3.633467550923733,367.9320679320729
base,0.1,0.08,0.08,2.0,30,180,False,21,0.6190476190476191,1.5651546771421647,17.520574663432033,78.38161838161862,81.37862137862118,-171.74825174824997,0.1802941876255371,0.3539485205631718,0.046875,3.633467550923733,367.9320679320729
base,0.1,0.08,0.08,2.0,45,180,False,21,0.6190476190476191,1.5651546771421647,17.520574663432033,78.38161838161862,81.37862137862118,-171.74825174824997,0.1802941876255371,0.3539485205631718,0.046875,3.633467550923733,367.9320679320729
base,0.07,0.12,0.08,1.5,30,180,False,25,0.52,1.5605185344948589,20.921040653930184,112.01054055722464,77.75925090797215,-162.75724275724252,0.1718100500023567,0.4216507621520288,0.0932765151515151,4.32555660824254,523.0260163482548
base,0.07,0.12,0.06,1.5,20,200,False,29,0.4482758620689655,1.5561739920821598,18.843509755508087,117.6153265728611,61.40859140859124,-320.52947052946774,0.1695092943289035,0.4940933710155723,0.0757575757575757,5.0176456655613455,546.4617829097346
base,0.07,0.12,0.06,2.0,20,200,False,29,0.4482758620689655,1.5561739920821598,18.843509755508087,117.6153265728611,61.40859140859124,-320.52947052946774,0.1695092943289035,0.4940933710155723,0.0757575757575757,5.0176456655613455,546.4617829097346
base,0.05,0.08,0.08,2.0,30,220,False,34,0.6176470588235294,1.5558934068632162,17.296820826232803,78.38161838161864,81.37862137862125,-256.12387612387374,0.1948435539653576,0.3825114307652846,0.0918560606060606,5.882756987209854,588.0919080919155
base,0.05,0.08,0.08,2.0,45,220,False,34,0.6176470588235294,1.5558934068632162,17.296820826232803,78.38161838161864,81.37862137862125,-256.12387612387374,0.1948435539653576,0.3825114307652846,0.0918560606060606,5.882756987209854,588.0919080919155
base,0.1,0.08,0.1,2.0,20,200,False,18,0.6666666666666666,1.5467718087728,18.47152847152863,78.3816183816186,101.34865134865127,-248.63136863136785,0.1688328981813021,0.2994058818314255,0.0553977272727272,3.114400757934628,332.4875124875156
base,0.1,0.08,0.1,2.0,30,200,False,18,0.6666666666666666,1.5467718087728,18.47152847152863,78.3816183816186,101.34865134865127,-248.63136863136785,0.1688328981813021,0.2994058818314255,0.0553977272727272,3.114400757934628,332.4875124875156
base,0.1,0.08,0.1,2.0,45,200,False,18,0.6666666666666666,1.5467718087728,18.47152847152863,78.3816183816186,101.34865134865127,-248.63136863136785,0.1688328981813021,0.2994058818314255,0.0553977272727272,3.114400757934628,332.4875124875156
base,0.03,0.12,0.06,1.5,45,220,False,34,0.4411764705882353,1.5437306640902142,18.3860720807884,118.3216783216786,60.51045916201965,-325.0249750249716,0.1710173102956325,0.5033466389164478,0.1235795454545454,5.882756987209854,625.1264507468059
base,0.1,0.1,0.1,2.0,20,180,False,18,0.6111111111111112,1.5401650984899562,21.28972387016549,99.33232628213972,101.34865134865122,-313.0369630369613,0.164462839706326,0.3259156099357924,0.0568181818181818,3.114400757934628,383.2150296629788
base,0.03,0.12,0.08,2.0,20,180,False,30,0.5333333333333333,1.5365138601290416,19.53793843713231,104.91450724048384,78.03528305241228,-244.1358641358637,0.1667336834590056,0.3977313691724141,0.1164772727272727,5.190667929891047,586.1381531139693
base,0.07,0.08,0.08,1.5,45,180,False,28,0.6071428571428571,1.5361080837437475,16.60870217801968,78.38161838161864,78.85853195481506,-171.74825174825023,0.1816978142038418,0.3611445894868337,0.0776515151515151,4.844623401231644,465.0436609845512
base,0.05,0.08,0.08,1.5,20,220,False,34,0.6176470588235294,1.5355633217351123,16.25341040367917,75.45030981376937,79.37235018185115,-244.3450328251748,0.185375498733267,0.3641029671340123,0.0890151515151515,5.882756987209854,552.6159537250918
base,0.1,0.1,0.1,2.0,30,180,False,18,0.6111111111111112,1.5249595155953035,20.69042069042093,98.35164835164863,101.34865134865122,-313.0369630369613,0.1591397535080053,0.3135735507762476,0.0568181818181818,3.114400757934628,372.4275724275765
base,0.1,0.1,0.1,2.0,45,180,False,18,0.6111111111111112,1.5249595155953035,20.69042069042093,98.35164835164863,101.34865134865122,-313.0369630369613,0.1591397535080053,0.3135735507762476,0.0568181818181818,3.114400757934628,372.4275724275765
base,0.03,0.12,0.08,2.0,45,220,False,25,0.52,1.5243708639774238,20.482837440767632,114.50879942789577,81.37862137862119,-495.7642357642334,0.1634460990570355,0.3947175812587377,0.1287878787878787,4.32555660824254,512.0709360191909
base,0.05,0.1,0.06,1.5,30,220,False,35,0.4857142857142857,1.512616813983343,16.189239332096708,98.35164835164866,61.408591408591256,-380.43956043955785,0.1701572672487607,0.442680172090807,0.0970643939393939,6.055779251539555,566.6233766233848
base,0.05,0.1,0.06,1.5,45,220,False,35,0.4857142857142857,1.512616813983343,16.189239332096708,98.35164835164866,61.408591408591256,-380.43956043955785,0.1701572672487607,0.442680172090807,0.0970643939393939,6.055779251539555,566.6233766233848
base,0.05,0.1,0.06,2.0,30,220,False,35,0.4857142857142857,1.512616813983343,16.189239332096708,98.35164835164866,61.408591408591256,-380.43956043955785,0.1701572672487607,0.442680172090807,0.0970643939393939,6.055779251539555,566.6233766233848
base,0.05,0.1,0.06,2.0,45,220,False,35,0.4857142857142857,1.512616813983343,16.189239332096708,98.35164835164866,61.408591408591256,-380.43956043955785,0.1701572672487607,0.442680172090807,0.0970643939393939,6.055779251539555,566.6233766233848
base,0.07,0.1,0.06,1.5,20,220,False,31,0.4838709677419355,1.5124738131330795,16.242732902344276,99.07081216734215,61.40859140859125,-270.09990009989883,0.1657580885363657,0.4334368191922779,0.0752840909090909,5.363690194220749,503.5247199726724
base,0.07,0.1,0.06,2.0,20,220,False,31,0.4838709677419355,1.5124738131330795,16.242732902344276,99.07081216734215,61.40859140859125,-270.09990009989883,0.1657580885363657,0.4334368191922779,0.0752840909090909,5.363690194220749,503.5247199726724
base,0.07,0.1,0.06,1.5,30,220,False,31,0.4838709677419355,1.5014946315275832,15.894750410879691,98.35164835164868,61.40859140859125,-270.09990009989883,0.1621685837769049,0.421896858916589,0.0752840909090909,5.363690194220749,492.73726273727016
base,0.07,0.1,0.06,1.5,45,220,False,31,0.4838709677419355,1.5014946315275832,15.894750410879691,98.35164835164868,61.40859140859125,-270.09990009989883,0.1621685837769049,0.421896858916589,0.0752840909090909,5.363690194220749,492.73726273727016
base,0.07,0.1,0.06,2.0,30,220,False,31,0.4838709677419355,1.5014946315275832,15.894750410879691,98.35164835164868,61.40859140859125,-270.09990009989883,0.1621685837769049,0.421896858916589,0.0752840909090909,5.363690194220749,492.73726273727016
base,0.07,0.1,0.06,2.0,45,220,False,31,0.4838709677419355,1.5014946315275832,15.894750410879691,98.35164835164868,61.40859140859125,-270.09990009989883,0.1621685837769049,0.421896858916589,0.0752840909090909,5.363690194220749,492.73726273727016
