Data;Operacao;Status;Previsao;Valor Atual;Preco;Quantidade;Custo;Capital
2024-07-27;Compra;Entrada;68099.36;67791.21;68900.00;1.4014;0.00;100000.00
2024-07-28;Venda;Saida;67809.28;67407.99;67422.00;-1.4014;0.00;97928.79
2024-07-29;Compra;Entrada;68867.17;67946.01;68104.00;1.3692;0.00;97928.79
2024-07-29;Venda;Saida;67754.48;67015.09;67378.00;-1.3692;0.00;96934.74
2024-07-29;Compra;Entrada;67594.69;67378.00;67419.99;1.3667;0.00;96934.74
2024-07-30;Venda;Saida;66707.30;66418.00;66585.69;-1.3667;0.00;95794.47
2024-07-30;Compra;Entrada;66386.68;66232.00;66216.01;1.374;0.00;95794.47
2024-07-31;Venda;Saida;65857.20;64595.81;64613.99;-1.374;0.00;93593.25
2024-07-31;Compra;Entrada;65601.91;64613.99;64978.00;1.3761;0.00;93593.25
2024-08-01;Venda;Saida;64220.45;62907.44;62905.51;-1.3761;0.00;90741.35
2024-08-01;Compra;Entrada;63935.34;62905.51;62908.00;1.3704;0.00;90741.35
2024-08-02;Venda;Saida;62409.54;61765.08;61498.33;-1.3704;0.00;88809.57
2024-08-03;Compra;Entrada;62286.76;61498.34;61552.47;1.3719;0.00;88809.57
2024-08-03;Venda;Saida;60956.95;59953.04;60246.00;-1.3719;0.00;87017.24
2024-08-03;Compra;Entrada;60831.87;60246.01;60582.78;1.3721;0.00;87017.24
2024-08-04;Venda;Saida;60269.39;59086.01;58962.80;-1.3721;0.00;84794.38
2024-08-04;Compra;Entrada;59986.37;58962.80;58663.90;1.3662;0.00;84794.38
2024-08-05;Venda;Saida;58333.80;56174.01;54251.88;-1.3662;0.00;78766.71
2024-08-05;Compra;Entrada;57714.80;54254.81;54432.65;1.3793;0.00;78766.71
2024-08-05;Venda;Saida;53632.92;50012.02;51588.00;-1.3793;0.00;74843.15
2024-08-05;Compra;Entrada;52861.23;51588.00;52757.99;1.3782;0.00;74843.15
2024-08-05;Venda;Saida;52364.91;52758.00;52674.19;-1.3782;0.00;74727.65
2024-08-05;Compra;Entrada;52034.34;51384.00;50880.01;1.3815;0.00;74727.65
2024-08-05;Venda;Saida;50540.98;49732.56;51951.00;-1.3815;0.00;76207.25
2024-08-05;Compra;Entrada;50479.02;51951.01;52633.64;1.3936;0.00;76207.25
2024-08-05;Venda;Saida;53737.14;54039.11;54386.00;-1.3936;0.00;78649.27
2024-08-05;Compra;Entrada;53476.13;53290.00;53470.09;1.4021;0.00;78649.27
2024-08-06;Venda;Saida;55446.53;56132.01;55855.73;-1.4021;0.00;81994.09
2024-08-06;Compra;Entrada;56465.26;56200.26;55924.01;1.386;0.00;81994.09
2024-08-07;Venda;Saida;55612.15;54962.89;54759.22;-1.386;0.00;80379.67
2024-08-07;Compra;Entrada;55406.81;54760.97;55125.53;1.3945;0.00;80379.67
2024-08-08;Venda;Saida;57558.89;57809.80;57266.73;-1.3945;0.00;83365.54
2024-08-09;Compra;Entrada;61273.70;60858.00;60989.00;1.3013;0.00;83365.54
2024-08-11;Venda;Saida;60272.96;59621.11;58620.41;-1.3013;0.00;80283.18
2024-08-11;Compra;Entrada;60101.17;58620.41;58504.92;1.3011;0.00;80283.18
2024-08-14;Venda;Saida;61263.95;61064.52;60808.00;-1.3011;0.00;83279.64
2024-08-14;Compra;Entrada;60872.17;59492.68;59502.67;1.3298;0.00;83279.64
2024-08-15;Venda;Saida;58839.04;58300.74;58412.25;-1.3298;0.00;81829.56
2024-08-15;Compra;Entrada;58714.60;58412.75;58441.64;1.3309;0.00;81829.56
2024-08-15;Venda;Saida;58242.46;57046.34;56890.41;-1.3309;0.00;79765.10
2024-08-15;Compra;Entrada;57935.25;56890.42;56671.06;1.332;0.00;79765.10
2024-08-16;Venda;Saida;59245.56;59683.39;59481.66;-1.332;0.00;83508.76
2024-08-18;Compra;Entrada;59886.55;59527.58;59568.98;1.3327;0.00;83508.76
2024-08-19;Venda;Saida;58934.31;58448.45;58564.00;-1.3327;0.00;82169.41
2024-08-19;Compra;Entrada;58841.25;58564.00;58606.14;1.3329;0.00;82169.41
2024-08-21;Venda;Saida;60002.18;60771.28;61029.95;-1.3329;0.00;85400.15
2024-08-22;Compra;Entrada;60857.11;60378.00;60548.90;1.3437;0.00;85400.15
2024-08-23;Venda;Saida;62734.98;63628.84;63675.03;-1.3437;0.00;89600.74
2024-08-24;Compra;Entrada;64142.50;63765.01;63833.98;1.3349;0.00;89600.74
2024-08-27;Venda;Saida;62862.82;62332.06;62493.99;-1.3349;0.00;87811.97
2024-08-27;Compra;Entrada;62776.25;62494.00;62417.00;1.3349;0.00;87811.97
2024-08-27;Venda;Saida;61572.77;58935.81;59506.94;-1.3349;0.00;83927.42
2024-08-27;Compra;Entrada;61067.89;59506.94;59708.87;1.3399;0.00;83927.42
2024-08-28;Venda;Saida;59093.56;59198.01;58807.00;-1.3399;0.00;82719.04
2024-08-29;Compra;Entrada;60322.91;59161.01;59476.01;1.3283;0.00;82719.04
2024-08-30;Venda;Saida;59038.66;58095.00;58092.00;-1.3283;0.00;80880.67
2024-08-30;Compra;Entrada;58794.48;58092.01;58551.11;1.3227;0.00;80880.67
2024-09-01;Venda;Saida;57973.95;57374.01;57301.86;-1.3227;0.00;79228.32
2024-09-02;Compra;Entrada;57811.26;57301.77;57522.00;1.3135;0.00;79228.32
2024-09-04;Venda;Saida;56674.32;56496.16;56277.00;-1.3135;0.00;77592.99
2024-09-05;Compra;Entrada;57823.07;57135.42;57235.99;1.2902;0.00;77592.99
2024-09-05;Venda;Saida;56651.54;55976.01;56198.00;-1.2902;0.00;76253.83
2024-09-05;Compra;Entrada;56469.27;56198.01;56335.00;1.289;0.00;76253.83
2024-09-06;Venda;Saida;55948.54;54734.00;54205.59;-1.289;0.00;73508.95
2024-09-06;Compra;Entrada;55544.61;54205.59;54045.01;1.2883;0.00;73508.95
2024-09-06;Venda;Saida;53518.70;53433.03;53766.57;-1.2883;0.00;73150.23
2024-09-08;Compra;Entrada;54114.19;53848.01;53907.18;1.2905;0.00;73150.23
2024-09-09;Venda;Saida;56452.36;57089.53;56864.00;-1.2905;0.00;76966.11
2024-09-10;Compra;Entrada;57071.27;56982.01;56874.01;1.2832;0.00;76966.11
2024-09-13;Venda;Saida;58428.80;59666.01;59624.95;-1.2832;0.00;80496.04
2024-09-16;Compra;Entrada;59373.85;58666.36;58721.09;1.3035;0.00;80496.04
2024-09-18;Venda;Saida;60092.45;60629.79;60450.33;-1.3035;0.00;82750.10
2024-09-20;Compra;Entrada;63449.10;62836.46;63225.99;1.2511;0.00;82750.10
2024-09-22;Venda;Saida;63155.58;63495.99;63578.76;-1.2511;0.00;83191.44
2024-09-24;Compra;Entrada;63496.47;63194.89;63121.46;1.2506;0.00;83191.44
2024-09-26;Venda;Saida;64525.68;65229.03;65435.21;-1.2506;0.00;86085.02
2024-09-30;Compra;Entrada;65415.65;64496.21;64376.01;1.268;0.00;86085.02
2024-10-01;Venda;Saida;63630.68;62808.77;62598.00;-1.268;0.00;83830.52
2024-10-01;Compra;Entrada;63459.06;62598.00;62372.01;1.2722;0.00;83830.52
2024-10-01;Venda;Saida;62093.76;60809.03;60869.98;-1.2722;0.00;81919.59
2024-10-01;Compra;Entrada;61819.40;60869.98;61142.01;1.2785;0.00;81919.59
2024-10-04;Venda;Saida;61841.14;62041.99;61983.32;-1.2785;0.00;82995.23
2024-10-07;Compra;Entrada;63302.59;62794.38;63135.44;1.2556;0.00;82995.23
2024-10-09;Venda;Saida;62145.12;61950.00;61872.99;-1.2556;0.00;81410.08
2024-10-09;Compra;Entrada;61889.66;61196.00;60950.00;1.2638;0.00;81410.08
2024-10-10;Venda;Saida;60460.82;59081.10;59502.01;-1.2638;0.00;79580.11
2024-10-10;Compra;Entrada;60213.14;59502.00;59540.61;1.2706;0.00;79580.11
2024-10-11;Venda;Saida;62265.36;62741.53;62922.08;-1.2706;0.00;83876.48
2024-10-13;Compra;Entrada;62725.04;62055.00;62229.31;1.2841;0.00;83876.48
2024-10-14;Venda;Saida;64976.63;65922.00;66012.00;-1.2841;0.00;88733.70
2024-10-15;Compra;Entrada;66210.38;65850.00;66022.00;1.2801;0.00;88733.70
2024-10-17;Venda;Saida;67097.91;67333.34;67384.42;-1.2801;0.00;90477.78
2024-10-21;Compra;Entrada;67973.90;67406.01;67268.00;1.2752;0.00;90477.78
2024-10-23;Venda;Saida;66354.38;65878.02;65927.02;-1.2752;0.00;88767.81
2024-10-25;Compra;Entrada;67490.23;67399.99;67026.61;1.2512;0.00;88767.81
2024-10-27;Venda;Saida;67694.29;68124.00;68075.80;-1.2512;0.00;90080.53
2024-11-01;Compra;Entrada;70012.89;70224.01;69920.73;1.2186;0.00;90080.53
2024-11-03;Venda;Saida;68793.43;68214.91;68272.00;-1.2186;0.00;88071.36
2024-11-03;Compra;Entrada;68633.06;68272.00;68379.89;1.2255;0.00;88071.36
2024-11-05;Venda;Saida;67880.09;68323.00;68397.10;-1.2255;0.00;88092.45
